{
  "[PET] GET PET BY ID" : {
    "transaction" : "[PET] GET PET BY ID",
    "sampleCount" : 876793,
    "errorCount" : 0,
    "errorPct" : 0.0,
    "meanResTime" : 77.43307827503295,
    "medianResTime" : 152.0,
    "minResTime" : 1.0,
    "maxResTime" : 2627.0,
    "pct1ResTime" : 225.0,
    "pct2ResTime" : 259.0,
    "pct3ResTime" : 386.9900000000016,
    "throughput" : 216.48819663250515,
    "receivedKBytesPerSec" : 57.0752390797956,
    "sentKBytesPerSec" : 33.38654978988959
  },
  "[STORE] GET ORDER BY ID AFTER UPDATE" : {
    "transaction" : "[STORE] GET ORDER BY ID AFTER UPDATE",
    "sampleCount" : 876506,
    "errorCount" : 0,
    "errorPct" : 0.0,
    "meanResTime" : 38.91579293239254,
    "medianResTime" : 52.0,
    "minResTime" : 1.0,
    "maxResTime" : 2490.0,
    "pct1ResTime" : 114.0,
    "pct2ResTime" : 135.0,
    "pct3ResTime" : 196.0,
    "throughput" : 216.4393513432359,
    "receivedKBytesPerSec" : 59.81673479505445,
    "sentKBytesPerSec" : 34.875481417611255
  },
  "[PET] UPDATE PET BY ID AFTER UPDATE" : {
    "transaction" : "[PET] UPDATE PET BY ID AFTER UPDATE",
    "sampleCount" : 876597,
    "errorCount" : 0,
    "errorPct" : 0.0,
    "meanResTime" : 185.63327732127794,
    "medianResTime" : 352.5,
    "minResTime" : 3.0,
    "maxResTime" : 3761.0,
    "pct1ResTime" : 684.0,
    "pct2ResTime" : 841.0,
    "pct3ResTime" : 1589.9700000000048,
    "throughput" : 216.4486205612572,
    "receivedKBytesPerSec" : 58.050924686900295,
    "sentKBytesPerSec" : 66.37194028929176
  },
  "[PET] UPDATE PET BY ID" : {
    "transaction" : "[PET] UPDATE PET BY ID",
    "sampleCount" : 876698,
    "errorCount" : 0,
    "errorPct" : 0.0,
    "meanResTime" : 187.0084304971614,
    "medianResTime" : 358.0,
    "minResTime" : 3.0,
    "maxResTime" : 3541.0,
    "pct1ResTime" : 688.0,
    "pct2ResTime" : 845.0,
    "pct3ResTime" : 1665.9800000000032,
    "throughput" : 216.4721162191492,
    "receivedKBytesPerSec" : 57.81451102764613,
    "sentKBytesPerSec" : 64.68795660455045
  },
  "[PET] GET PET BY ID AFTER UPDATE" : {
    "transaction" : "[PET] GET PET BY ID AFTER UPDATE",
    "sampleCount" : 876627,
    "errorCount" : 0,
    "errorPct" : 0.0,
    "meanResTime" : 67.48333099482527,
    "medianResTime" : 137.0,
    "minResTime" : 1.0,
    "maxResTime" : 2505.0,
    "pct1ResTime" : 202.0,
    "pct2ResTime" : 230.0,
    "pct3ResTime" : 372.0,
    "throughput" : 216.45469196650907,
    "receivedKBytesPerSec" : 57.89595633819744,
    "sentKBytesPerSec" : 33.18690101439641
  },
  "Total" : {
    "transaction" : "Total",
    "sampleCount" : 7889433,
    "errorCount" : 0,
    "errorPct" : 0.0,
    "meanResTime" : 85.47241975437821,
    "medianResTime" : 120.0,
    "minResTime" : 1.0,
    "maxResTime" : 3761.0,
    "pct1ResTime" : 404.90000000000146,
    "pct2ResTime" : 576.0,
    "pct3ResTime" : 1435.9700000000048,
    "throughput" : 1947.973036535391,
    "receivedKBytesPerSec" : 2255.319464785727,
    "sentKBytesPerSec" : 418.263536835478
  },
  "[STORE] GET ORDER BY ID" : {
    "transaction" : "[STORE] GET ORDER BY ID",
    "sampleCount" : 876546,
    "errorCount" : 0,
    "errorPct" : 0.0,
    "meanResTime" : 39.54991409464021,
    "medianResTime" : 53.0,
    "minResTime" : 1.0,
    "maxResTime" : 2526.0,
    "pct1ResTime" : 112.0,
    "pct2ResTime" : 141.0,
    "pct3ResTime" : 204.0,
    "throughput" : 216.4437236342661,
    "receivedKBytesPerSec" : 60.01246307192221,
    "sentKBytesPerSec" : 35.07070585625483
  },
  "[USER] UPDATE USER BY ID" : {
    "transaction" : "[USER] UPDATE USER BY ID",
    "sampleCount" : 876529,
    "errorCount" : 0,
    "errorPct" : 0.0,
    "meanResTime" : 61.610825198026326,
    "medianResTime" : 63.0,
    "minResTime" : 2.0,
    "maxResTime" : 2574.0,
    "pct1ResTime" : 137.0,
    "pct2ResTime" : 187.0,
    "pct3ResTime" : 1152.9900000000016,
    "throughput" : 216.43861729807116,
    "receivedKBytesPerSec" : 70.38482378931417,
    "sentKBytesPerSec" : 77.99399392869948
  },
  "[PET] GET PETS BY STATUS" : {
    "transaction" : "[PET] GET PETS BY STATUS",
    "sampleCount" : 876580,
    "errorCount" : 0,
    "errorPct" : 0.0,
    "meanResTime" : 70.63035433160955,
    "medianResTime" : 138.0,
    "minResTime" : 1.0,
    "maxResTime" : 2504.0,
    "pct1ResTime" : 211.0,
    "pct2ResTime" : 242.0,
    "pct3ResTime" : 336.0,
    "throughput" : 216.44517115756608,
    "receivedKBytesPerSec" : 1794.4236549771426,
    "sentKBytesPerSec" : 37.41288603016524
  },
  "[STORE] GET INVENTORY" : {
    "transaction" : "[STORE] GET INVENTORY",
    "sampleCount" : 876557,
    "errorCount" : 0,
    "errorPct" : 0.0,
    "meanResTime" : 40.96581397444663,
    "medianResTime" : 58.0,
    "minResTime" : 1.0,
    "maxResTime" : 2469.0,
    "pct1ResTime" : 117.0,
    "pct2ResTime" : 140.0,
    "pct3ResTime" : 205.0,
    "throughput" : 216.44275208385136,
    "receivedKBytesPerSec" : 39.94890639047647,
    "sentKBytesPerSec" : 35.29876913867498
  }
}