{
  "[PET] GET PET BY ID" : {
    "transaction" : "[PET] GET PET BY ID",
    "sampleCount" : 379431,
    "errorCount" : 0,
    "errorPct" : 0.0,
    "meanResTime" : 962.1275198916305,
    "medianResTime" : 2208.0,
    "minResTime" : 8.0,
    "maxResTime" : 3793.0,
    "pct1ResTime" : 2567.0,
    "pct2ResTime" : 2685.0,
    "pct3ResTime" : 2939.970000000005,
    "throughput" : 52.68461296218848,
    "receivedKBytesPerSec" : 11.728975120842573,
    "sentKBytesPerSec" : 8.124945999733127
  },
  "[STORE] GET ORDER BY ID AFTER UPDATE" : {
    "transaction" : "[STORE] GET ORDER BY ID AFTER UPDATE",
    "sampleCount" : 378536,
    "errorCount" : 0,
    "errorPct" : 0.0,
    "meanResTime" : 696.3262331720196,
    "medianResTime" : 1913.0,
    "minResTime" : 8.0,
    "maxResTime" : 2781.0,
    "pct1ResTime" : 2041.9000000000015,
    "pct2ResTime" : 2079.0,
    "pct3ResTime" : 2165.0,
    "throughput" : 52.56622367113143,
    "receivedKBytesPerSec" : 9.130594917117822,
    "sentKBytesPerSec" : 8.470143462633482
  },
  "[PET] UPDATE PET BY ID AFTER UPDATE" : {
    "transaction" : "[PET] UPDATE PET BY ID AFTER UPDATE",
    "sampleCount" : 379081,
    "errorCount" : 0,
    "errorPct" : 0.0,
    "meanResTime" : 983.0362930349604,
    "medianResTime" : 2230.0,
    "minResTime" : 14.0,
    "maxResTime" : 3644.0,
    "pct1ResTime" : 2588.0,
    "pct2ResTime" : 2701.0,
    "pct3ResTime" : 2935.9900000000016,
    "throughput" : 52.63688462891219,
    "receivedKBytesPerSec" : 7.196449070359089,
    "sentKBytesPerSec" : 16.140607200662526
  },
  "[PET] UPDATE PET BY ID" : {
    "transaction" : "[PET] UPDATE PET BY ID",
    "sampleCount" : 379308,
    "errorCount" : 0,
    "errorPct" : 0.0,
    "meanResTime" : 982.1222463011633,
    "medianResTime" : 2226.0,
    "minResTime" : 12.0,
    "maxResTime" : 3735.0,
    "pct1ResTime" : 2582.0,
    "pct2ResTime" : 2699.0,
    "pct3ResTime" : 2942.0,
    "throughput" : 52.66792911515579,
    "receivedKBytesPerSec" : 7.200693433712707,
    "sentKBytesPerSec" : 15.738658505114916
  },
  "[PET] GET PET BY ID AFTER UPDATE" : {
    "transaction" : "[PET] GET PET BY ID AFTER UPDATE",
    "sampleCount" : 379193,
    "errorCount" : 0,
    "errorPct" : 0.0,
    "meanResTime" : 960.4256539545792,
    "medianResTime" : 2202.0,
    "minResTime" : 8.0,
    "maxResTime" : 3416.0,
    "pct1ResTime" : 2563.0,
    "pct2ResTime" : 2685.0,
    "pct3ResTime" : 2928.9900000000016,
    "throughput" : 52.65220231760056,
    "receivedKBytesPerSec" : 11.930526244490126,
    "sentKBytesPerSec" : 8.072652113147742
  },
  "Total" : {
    "transaction" : "Total",
    "sampleCount" : 3410771,
    "errorCount" : 0,
    "errorPct" : 0.0,
    "meanResTime" : 844.4461284560053,
    "medianResTime" : 2009.0,
    "minResTime" : 8.0,
    "maxResTime" : 3800.0,
    "pct1ResTime" : 2440.0,
    "pct2ResTime" : 2566.0,
    "pct3ResTime" : 2820.980000000003,
    "throughput" : 473.5905223327989,
    "receivedKBytesPerSec" : 542.2807609640843,
    "sentKBytesPerSec" : 101.68706209613319
  },
  "[STORE] GET ORDER BY ID" : {
    "transaction" : "[STORE] GET ORDER BY ID",
    "sampleCount" : 378752,
    "errorCount" : 0,
    "errorPct" : 0.0,
    "meanResTime" : 698.472343380354,
    "medianResTime" : 1917.0,
    "minResTime" : 8.0,
    "maxResTime" : 2620.0,
    "pct1ResTime" : 2043.0,
    "pct2ResTime" : 2082.0,
    "pct3ResTime" : 2181.0,
    "throughput" : 52.59370656268789,
    "receivedKBytesPerSec" : 9.135377563322141,
    "sentKBytesPerSec" : 8.521843023021688
  },
  "[USER] UPDATE USER BY ID" : {
    "transaction" : "[USER] UPDATE USER BY ID",
    "sampleCount" : 378646,
    "errorCount" : 0,
    "errorPct" : 0.0,
    "meanResTime" : 659.7298849057006,
    "medianResTime" : 1876.0,
    "minResTime" : 10.0,
    "maxResTime" : 2268.0,
    "pct1ResTime" : 1985.0,
    "pct2ResTime" : 2017.0,
    "pct3ResTime" : 2076.0,
    "throughput" : 52.579907306191735,
    "receivedKBytesPerSec" : 9.08170589840591,
    "sentKBytesPerSec" : 18.947251753891358
  },
  "[PET] GET PETS BY STATUS" : {
    "transaction" : "[PET] GET PETS BY STATUS",
    "sampleCount" : 378973,
    "errorCount" : 0,
    "errorPct" : 0.0,
    "meanResTime" : 963.259361484871,
    "medianResTime" : 2205.0,
    "minResTime" : 8.0,
    "maxResTime" : 3800.0,
    "pct1ResTime" : 2569.0,
    "pct2ResTime" : 2689.0,
    "pct3ResTime" : 2937.0,
    "throughput" : 52.62218798373512,
    "receivedKBytesPerSec" : 469.64688145392375,
    "sentKBytesPerSec" : 9.09582741515734
  },
  "[STORE] GET INVENTORY" : {
    "transaction" : "[STORE] GET INVENTORY",
    "sampleCount" : 378851,
    "errorCount" : 0,
    "errorPct" : 0.0,
    "meanResTime" : 693.68103027312,
    "medianResTime" : 1912.0,
    "minResTime" : 8.0,
    "maxResTime" : 2648.0,
    "pct1ResTime" : 2039.0,
    "pct2ResTime" : 2077.0,
    "pct3ResTime" : 2167.0,
    "throughput" : 52.60716155361862,
    "receivedKBytesPerSec" : 7.2437595498635,
    "sentKBytesPerSec" : 8.579488261185848
  }
}