{
  "[PET] GET PET BY ID" : {
    "transaction" : "[PET] GET PET BY ID",
    "sampleCount" : 2536303,
    "errorCount" : 0,
    "errorPct" : 0.0,
    "meanResTime" : 83.0923832838614,
    "medianResTime" : 231.0,
    "minResTime" : 0.0,
    "maxResTime" : 1346.0,
    "pct1ResTime" : 284.0,
    "pct2ResTime" : 303.0,
    "pct3ResTime" : 373.9900000000016,
    "throughput" : 352.2548631682512,
    "receivedKBytesPerSec" : 82.89324471601837,
    "sentKBytesPerSec" : 54.32435882816787
  },
  "[STORE] GET ORDER BY ID AFTER UPDATE" : {
    "transaction" : "[STORE] GET ORDER BY ID AFTER UPDATE",
    "sampleCount" : 2535388,
    "errorCount" : 0,
    "errorPct" : 0.0,
    "meanResTime" : 81.05647261878823,
    "medianResTime" : 230.0,
    "minResTime" : 0.0,
    "maxResTime" : 1345.0,
    "pct1ResTime" : 280.0,
    "pct2ResTime" : 297.0,
    "pct3ResTime" : 357.9900000000016,
    "throughput" : 352.1354615449145,
    "receivedKBytesPerSec" : 87.34610081289871,
    "sentKBytesPerSec" : 56.74057729971767
  },
  "[PET] UPDATE PET BY ID" : {
    "transaction" : "[PET] UPDATE PET BY ID",
    "sampleCount" : 5072128,
    "errorCount" : 0,
    "errorPct" : 0.0,
    "meanResTime" : 280.8854991435824,
    "medianResTime" : 582.0,
    "minResTime" : 1.0,
    "maxResTime" : 2789.0,
    "pct1ResTime" : 837.0,
    "pct2ResTime" : 936.9500000000007,
    "pct3ResTime" : 1154.9900000000016,
    "throughput" : 704.4392301084617,
    "receivedKBytesPerSec" : 168.54486346626186,
    "sentKBytesPerSec" : 213.2578062122278
  },
  "[PET] GET PET BY ID AFTER UPDATE" : {
    "transaction" : "[PET] GET PET BY ID AFTER UPDATE",
    "sampleCount" : 2535999,
    "errorCount" : 0,
    "errorPct" : 0.0,
    "meanResTime" : 81.12325556911078,
    "medianResTime" : 229.0,
    "minResTime" : 0.0,
    "maxResTime" : 1345.0,
    "pct1ResTime" : 279.0,
    "pct2ResTime" : 296.0,
    "pct3ResTime" : 361.9900000000016,
    "throughput" : 352.21631089934914,
    "receivedKBytesPerSec" : 84.22283612552425,
    "sentKBytesPerSec" : 54.00191485468537
  },
  "Total" : {
    "transaction" : "Total",
    "sampleCount" : 22822178,
    "errorCount" : 0,
    "errorPct" : 0.0,
    "meanResTime" : 126.10802961050592,
    "medianResTime" : 255.0,
    "minResTime" : 0.0,
    "maxResTime" : 2789.0,
    "pct1ResTime" : 606.0,
    "pct2ResTime" : 709.0,
    "pct3ResTime" : 939.0,
    "throughput" : 3169.6148771578964,
    "receivedKBytesPerSec" : 3588.0414459456115,
    "sentKBytesPerSec" : 680.5731095297244
  },
  "[STORE] GET ORDER BY ID" : {
    "transaction" : "[STORE] GET ORDER BY ID",
    "sampleCount" : 2535555,
    "errorCount" : 0,
    "errorPct" : 0.0,
    "meanResTime" : 80.85565724269503,
    "medianResTime" : 229.0,
    "minResTime" : 0.0,
    "maxResTime" : 1343.0,
    "pct1ResTime" : 278.0,
    "pct2ResTime" : 296.0,
    "pct3ResTime" : 356.0,
    "throughput" : 352.1569929181244,
    "receivedKBytesPerSec" : 87.66782985703611,
    "sentKBytesPerSec" : 57.06043496473819
  },
  "[USER] UPDATE USER BY ID" : {
    "transaction" : "[USER] UPDATE USER BY ID",
    "sampleCount" : 2535460,
    "errorCount" : 0,
    "errorPct" : 0.0,
    "meanResTime" : 84.19930545147537,
    "medianResTime" : 232.0,
    "minResTime" : 1.0,
    "maxResTime" : 1350.0,
    "pct1ResTime" : 284.0,
    "pct2ResTime" : 302.0,
    "pct3ResTime" : 372.9900000000016,
    "throughput" : 352.14458113786367,
    "receivedKBytesPerSec" : 104.54292252530328,
    "sentKBytesPerSec" : 126.89585003893721
  },
  "[PET] GET PETS BY STATUS" : {
    "transaction" : "[PET] GET PETS BY STATUS",
    "sampleCount" : 2535717,
    "errorCount" : 0,
    "errorPct" : 0.0,
    "meanResTime" : 81.49941495837092,
    "medianResTime" : 230.0,
    "minResTime" : 0.0,
    "maxResTime" : 1344.0,
    "pct1ResTime" : 280.0,
    "pct2ResTime" : 298.0,
    "pct3ResTime" : 360.0,
    "throughput" : 352.177438350959,
    "receivedKBytesPerSec" : 2909.2921546903976,
    "sentKBytesPerSec" : 60.87442049621068
  },
  "[STORE] GET INVENTORY" : {
    "transaction" : "[STORE] GET INVENTORY",
    "sampleCount" : 2535628,
    "errorCount" : 0,
    "errorPct" : 0.0,
    "meanResTime" : 81.33280631070495,
    "medianResTime" : 230.0,
    "minResTime" : 0.0,
    "maxResTime" : 1345.0,
    "pct1ResTime" : 281.0,
    "pct2ResTime" : 300.0,
    "pct3ResTime" : 365.0,
    "throughput" : 352.16639803557877,
    "receivedKBytesPerSec" : 63.62381214509968,
    "sentKBytesPerSec" : 57.433387179630515
  }
}