{
  "[PET] GET PET BY ID" : {
    "transaction" : "[PET] GET PET BY ID",
    "sampleCount" : 1646126,
    "errorCount" : 0,
    "errorPct" : 0.0,
    "meanResTime" : 167.17296428098533,
    "medianResTime" : 347.0,
    "minResTime" : 1.0,
    "maxResTime" : 2025.0,
    "pct1ResTime" : 496.0,
    "pct2ResTime" : 540.0,
    "pct3ResTime" : 1009.0,
    "throughput" : 228.62079990044785,
    "receivedKBytesPerSec" : 53.79949987667956,
    "sentKBytesPerSec" : 35.257621319466026
  },
  "[STORE] GET ORDER BY ID AFTER UPDATE" : {
    "transaction" : "[STORE] GET ORDER BY ID AFTER UPDATE",
    "sampleCount" : 1645182,
    "errorCount" : 0,
    "errorPct" : 0.0,
    "meanResTime" : 128.07180482159166,
    "medianResTime" : 398.0,
    "minResTime" : 1.0,
    "maxResTime" : 855.0,
    "pct1ResTime" : 474.0,
    "pct2ResTime" : 498.0,
    "pct3ResTime" : 548.9900000000016,
    "throughput" : 228.50175267150806,
    "receivedKBytesPerSec" : 56.67914568219047,
    "sentKBytesPerSec" : 36.81913006913948
  },
  "[PET] UPDATE PET BY ID AFTER UPDATE" : {
    "transaction" : "[PET] UPDATE PET BY ID AFTER UPDATE",
    "sampleCount" : 1645644,
    "errorCount" : 0,
    "errorPct" : 0.0,
    "meanResTime" : 328.3123056991714,
    "medianResTime" : 703.0,
    "minResTime" : 2.0,
    "maxResTime" : 3202.0,
    "pct1ResTime" : 839.0,
    "pct2ResTime" : 1030.0,
    "pct3ResTime" : 1748.9900000000016,
    "throughput" : 228.55760342038363,
    "receivedKBytesPerSec" : 54.811273298717744,
    "sentKBytesPerSec" : 70.08504636132858
  },
  "[PET] UPDATE PET BY ID" : {
    "transaction" : "[PET] UPDATE PET BY ID",
    "sampleCount" : 1645954,
    "errorCount" : 0,
    "errorPct" : 0.0,
    "meanResTime" : 328.22781560116226,
    "medianResTime" : 686.0,
    "minResTime" : 2.0,
    "maxResTime" : 3313.0,
    "pct1ResTime" : 825.0,
    "pct2ResTime" : 925.0,
    "pct3ResTime" : 1644.9800000000032,
    "throughput" : 228.5997692272223,
    "receivedKBytesPerSec" : 54.62991905357676,
    "sentKBytesPerSec" : 68.31204041360354
  },
  "[PET] GET PET BY ID AFTER UPDATE" : {
    "transaction" : "[PET] GET PET BY ID AFTER UPDATE",
    "sampleCount" : 1645666,
    "errorCount" : 0,
    "errorPct" : 0.0,
    "meanResTime" : 170.81693916019475,
    "medianResTime" : 429.0,
    "minResTime" : 0.0,
    "maxResTime" : 1992.0,
    "pct1ResTime" : 511.0,
    "pct2ResTime" : 543.0,
    "pct3ResTime" : 1125.9800000000032,
    "throughput" : 228.5615795005041,
    "receivedKBytesPerSec" : 54.675474611963665,
    "sentKBytesPerSec" : 35.04313279451088
  },
  "Total" : {
    "transaction" : "Total",
    "sampleCount" : 14810071,
    "errorCount" : 0,
    "errorPct" : 0.0,
    "meanResTime" : 194.36937176059686,
    "medianResTime" : 439.0,
    "minResTime" : 0.0,
    "maxResTime" : 3313.0,
    "pct1ResTime" : 694.0,
    "pct2ResTime" : 732.0,
    "pct3ResTime" : 875.9900000000016,
    "throughput" : 2056.876029995525,
    "receivedKBytesPerSec" : 2322.9294548536886,
    "sentKBytesPerSec" : 441.64705884261315
  },
  "[STORE] GET ORDER BY ID" : {
    "transaction" : "[STORE] GET ORDER BY ID",
    "sampleCount" : 1645293,
    "errorCount" : 0,
    "errorPct" : 0.0,
    "meanResTime" : 129.46672234064414,
    "medianResTime" : 378.0,
    "minResTime" : 0.0,
    "maxResTime" : 920.0,
    "pct1ResTime" : 466.0,
    "pct2ResTime" : 493.0,
    "pct3ResTime" : 541.0,
    "throughput" : 228.51380533146516,
    "receivedKBytesPerSec" : 56.887465152642264,
    "sentKBytesPerSec" : 37.026401993950465
  },
  "[USER] UPDATE USER BY ID" : {
    "transaction" : "[USER] UPDATE USER BY ID",
    "sampleCount" : 1645225,
    "errorCount" : 0,
    "errorPct" : 0.0,
    "meanResTime" : 194.05371788052943,
    "medianResTime" : 440.0,
    "minResTime" : 2.0,
    "maxResTime" : 2974.0,
    "pct1ResTime" : 622.0,
    "pct2ResTime" : 1476.8500000000022,
    "pct3ResTime" : 2028.9700000000048,
    "throughput" : 228.5053764336925,
    "receivedKBytesPerSec" : 67.83753362875247,
    "sentKBytesPerSec" : 82.34226943753177
  },
  "[PET] GET PETS BY STATUS" : {
    "transaction" : "[PET] GET PETS BY STATUS",
    "sampleCount" : 1645530,
    "errorCount" : 0,
    "errorPct" : 0.0,
    "meanResTime" : 173.8817693995251,
    "medianResTime" : 432.0,
    "minResTime" : 1.0,
    "maxResTime" : 1972.0,
    "pct1ResTime" : 522.0,
    "pct2ResTime" : 573.0,
    "pct3ResTime" : 1210.0,
    "throughput" : 228.54326222163334,
    "receivedKBytesPerSec" : 1887.9648256626383,
    "sentKBytesPerSec" : 39.50405997385654
  },
  "[STORE] GET INVENTORY" : {
    "transaction" : "[STORE] GET INVENTORY",
    "sampleCount" : 1645451,
    "errorCount" : 0,
    "errorPct" : 0.0,
    "meanResTime" : 129.26178050880804,
    "medianResTime" : 387.0,
    "minResTime" : 0.0,
    "maxResTime" : 959.0,
    "pct1ResTime" : 465.0,
    "pct2ResTime" : 488.0,
    "pct3ResTime" : 544.0,
    "throughput" : 228.5333375555274,
    "receivedKBytesPerSec" : 35.708333993051156,
    "sentKBytesPerSec" : 37.270573605247144
  }
}