{
  "[PET] GET PET BY ID" : {
    "transaction" : "[PET] GET PET BY ID",
    "sampleCount" : 640757,
    "errorCount" : 0,
    "errorPct" : 0.0,
    "meanResTime" : 37.723055698180275,
    "medianResTime" : 72.0,
    "minResTime" : 1.0,
    "maxResTime" : 1196.0,
    "pct1ResTime" : 151.0,
    "pct2ResTime" : 184.0,
    "pct3ResTime" : 293.0,
    "throughput" : 158.20930016081246,
    "receivedKBytesPerSec" : 41.71056110502032,
    "sentKBytesPerSec" : 24.398858246185426
  },
  "[STORE] GET ORDER BY ID AFTER UPDATE" : {
    "transaction" : "[STORE] GET ORDER BY ID AFTER UPDATE",
    "sampleCount" : 640408,
    "errorCount" : 0,
    "errorPct" : 0.0,
    "meanResTime" : 21.385004559594027,
    "medianResTime" : 6.0,
    "minResTime" : 1.0,
    "maxResTime" : 417.0,
    "pct1ResTime" : 16.0,
    "pct2ResTime" : 22.0,
    "pct3ResTime" : 41.0,
    "throughput" : 158.14601060434282,
    "receivedKBytesPerSec" : 43.7063681650674,
    "sentKBytesPerSec" : 25.482511474332586
  },
  "[PET] UPDATE PET BY ID AFTER UPDATE" : {
    "transaction" : "[PET] UPDATE PET BY ID AFTER UPDATE",
    "sampleCount" : 640598,
    "errorCount" : 0,
    "errorPct" : 0.0,
    "meanResTime" : 421.9761254328045,
    "medianResTime" : 976.0,
    "minResTime" : 2.0,
    "maxResTime" : 15783.0,
    "pct1ResTime" : 3424.9000000000015,
    "pct2ResTime" : 4439.0,
    "pct3ResTime" : 6789.910000000014,
    "throughput" : 158.15836526055227,
    "receivedKBytesPerSec" : 42.4113175998887,
    "sentKBytesPerSec" : 48.497779972474035
  },
  "[PET] UPDATE PET BY ID" : {
    "transaction" : "[PET] UPDATE PET BY ID",
    "sampleCount" : 640749,
    "errorCount" : 0,
    "errorPct" : 0.0,
    "meanResTime" : 426.9700850098806,
    "medianResTime" : 983.0,
    "minResTime" : 2.0,
    "maxResTime" : 20010.0,
    "pct1ResTime" : 3415.9000000000015,
    "pct2ResTime" : 4483.9000000000015,
    "pct3ResTime" : 6886.920000000013,
    "throughput" : 158.19252140138917,
    "receivedKBytesPerSec" : 42.23911199156116,
    "sentKBytesPerSec" : 47.2723745593995
  },
  "[PET] GET PET BY ID AFTER UPDATE" : {
    "transaction" : "[PET] GET PET BY ID AFTER UPDATE",
    "sampleCount" : 640603,
    "errorCount" : 0,
    "errorPct" : 0.0,
    "meanResTime" : 34.487815386440744,
    "medianResTime" : 70.0,
    "minResTime" : 1.0,
    "maxResTime" : 1609.0,
    "pct1ResTime" : 147.0,
    "pct2ResTime" : 180.0,
    "pct3ResTime" : 285.9800000000032,
    "throughput" : 158.1787747597637,
    "receivedKBytesPerSec" : 42.3136122626064,
    "sentKBytesPerSec" : 24.252019177034086
  },
  "Total" : {
    "transaction" : "Total",
    "sampleCount" : 5764767,
    "errorCount" : 0,
    "errorPct" : 0.0,
    "meanResTime" : 117.00157647308212,
    "medianResTime" : 47.0,
    "minResTime" : 1.0,
    "maxResTime" : 20010.0,
    "pct1ResTime" : 1373.0,
    "pct2ResTime" : 2525.9500000000007,
    "pct3ResTime" : 5051.990000000002,
    "throughput" : 1423.202822128995,
    "receivedKBytesPerSec" : 1647.7499123712769,
    "sentKBytesPerSec" : 305.59033425039297
  },
  "[STORE] GET ORDER BY ID" : {
    "transaction" : "[STORE] GET ORDER BY ID",
    "sampleCount" : 640412,
    "errorCount" : 0,
    "errorPct" : 0.0,
    "meanResTime" : 21.447318288850855,
    "medianResTime" : 5.0,
    "minResTime" : 1.0,
    "maxResTime" : 342.0,
    "pct1ResTime" : 17.0,
    "pct2ResTime" : 23.0,
    "pct3ResTime" : 45.0,
    "throughput" : 158.1421168224599,
    "receivedKBytesPerSec" : 43.84745773492517,
    "sentKBytesPerSec" : 25.624049741712017
  },
  "[USER] UPDATE USER BY ID" : {
    "transaction" : "[USER] UPDATE USER BY ID",
    "sampleCount" : 640411,
    "errorCount" : 0,
    "errorPct" : 0.0,
    "meanResTime" : 29.516107624634866,
    "medianResTime" : 8.0,
    "minResTime" : 2.0,
    "maxResTime" : 1520.0,
    "pct1ResTime" : 21.0,
    "pct2ResTime" : 30.0,
    "pct3ResTime" : 68.9900000000016,
    "throughput" : 158.1426899649025,
    "receivedKBytesPerSec" : 51.42726148272708,
    "sentKBytesPerSec" : 56.98696542680568
  },
  "[PET] GET PETS BY STATUS" : {
    "transaction" : "[PET] GET PETS BY STATUS",
    "sampleCount" : 640417,
    "errorCount" : 0,
    "errorPct" : 0.0,
    "meanResTime" : 37.905599008147114,
    "medianResTime" : 72.0,
    "minResTime" : 1.0,
    "maxResTime" : 1228.0,
    "pct1ResTime" : 151.0,
    "pct2ResTime" : 184.95000000000073,
    "pct3ResTime" : 293.9900000000016,
    "throughput" : 158.13464348177365,
    "receivedKBytesPerSec" : 1311.202037058397,
    "sentKBytesPerSec" : 27.333820211205015
  },
  "[STORE] GET INVENTORY" : {
    "transaction" : "[STORE] GET INVENTORY",
    "sampleCount" : 640412,
    "errorCount" : 0,
    "errorPct" : 0.0,
    "meanResTime" : 21.41858990774651,
    "medianResTime" : 5.0,
    "minResTime" : 1.0,
    "maxResTime" : 372.0,
    "pct1ResTime" : 17.0,
    "pct2ResTime" : 23.0,
    "pct3ResTime" : 44.0,
    "throughput" : 158.13961757796082,
    "receivedKBytesPerSec" : 29.187878634994725,
    "sentKBytesPerSec" : 25.790347788593223
  }
}