{
  "[PET] GET PET BY ID" : {
    "transaction" : "[PET] GET PET BY ID",
    "sampleCount" : 237161,
    "errorCount" : 0,
    "errorPct" : 0.0,
    "meanResTime" : 1349.7041208293033,
    "medianResTime" : 3310.0,
    "minResTime" : 13.0,
    "maxResTime" : 4686.0,
    "pct1ResTime" : 3692.0,
    "pct2ResTime" : 3811.0,
    "pct3ResTime" : 4057.0,
    "throughput" : 32.924189028694705,
    "receivedKBytesPerSec" : 7.329803052304899,
    "sentKBytesPerSec" : 5.07750692461349
  },
  "[STORE] GET ORDER BY ID AFTER UPDATE" : {
    "transaction" : "[STORE] GET ORDER BY ID AFTER UPDATE",
    "sampleCount" : 236259,
    "errorCount" : 0,
    "errorPct" : 0.0,
    "meanResTime" : 1347.5110916409444,
    "medianResTime" : 3305.0,
    "minResTime" : 14.0,
    "maxResTime" : 4678.0,
    "pct1ResTime" : 3679.0,
    "pct2ResTime" : 3805.0,
    "pct3ResTime" : 4051.0,
    "throughput" : 32.8008255635939,
    "receivedKBytesPerSec" : 5.697460852708106,
    "sentKBytesPerSec" : 5.285289275383782
  },
  "[PET] UPDATE PET BY ID" : {
    "transaction" : "[PET] UPDATE PET BY ID",
    "sampleCount" : 473892,
    "errorCount" : 0,
    "errorPct" : 0.0,
    "meanResTime" : 1360.3660559789948,
    "medianResTime" : 3396.0,
    "minResTime" : 18.0,
    "maxResTime" : 4619.0,
    "pct1ResTime" : 3748.0,
    "pct2ResTime" : 3870.9500000000007,
    "pct3ResTime" : 4094.0,
    "throughput" : 65.78891107032688,
    "receivedKBytesPerSec" : 8.994577685396253,
    "sentKBytesPerSec" : 19.9164509934446
  },
  "[PET] GET PET BY ID AFTER UPDATE" : {
    "transaction" : "[PET] GET PET BY ID AFTER UPDATE",
    "sampleCount" : 236945,
    "errorCount" : 0,
    "errorPct" : 0.0,
    "meanResTime" : 1348.8861381333259,
    "medianResTime" : 3307.0,
    "minResTime" : 12.0,
    "maxResTime" : 4748.0,
    "pct1ResTime" : 3684.0,
    "pct2ResTime" : 3810.0,
    "pct3ResTime" : 4058.970000000005,
    "throughput" : 32.89430300852827,
    "receivedKBytesPerSec" : 7.4525694305521295,
    "sentKBytesPerSec" : 5.043364816737244
  },
  "Total" : {
    "transaction" : "Total",
    "sampleCount" : 2130473,
    "errorCount" : 0,
    "errorPct" : 0.0,
    "meanResTime" : 1352.2949959938592,
    "medianResTime" : 3382.0,
    "minResTime" : 12.0,
    "maxResTime" : 4877.0,
    "pct1ResTime" : 3743.0,
    "pct2ResTime" : 3866.0,
    "pct3ResTime" : 4093.9900000000016,
    "throughput" : 295.76367481826026,
    "receivedKBytesPerSec" : 340.1892419816643,
    "sentKBytesPerSec" : 63.50389686030837
  },
  "[STORE] GET ORDER BY ID" : {
    "transaction" : "[STORE] GET ORDER BY ID",
    "sampleCount" : 236500,
    "errorCount" : 0,
    "errorPct" : 0.0,
    "meanResTime" : 1346.3609006342497,
    "medianResTime" : 3300.0,
    "minResTime" : 14.0,
    "maxResTime" : 4823.0,
    "pct1ResTime" : 3681.0,
    "pct2ResTime" : 3797.0,
    "pct3ResTime" : 4038.9900000000016,
    "throughput" : 32.83366465485849,
    "receivedKBytesPerSec" : 5.703153970242565,
    "sentKBytesPerSec" : 5.320044340328292
  },
  "[USER] UPDATE USER BY ID" : {
    "transaction" : "[USER] UPDATE USER BY ID",
    "sampleCount" : 236361,
    "errorCount" : 0,
    "errorPct" : 0.0,
    "meanResTime" : 1359.3812134827876,
    "medianResTime" : 3317.5,
    "minResTime" : 19.0,
    "maxResTime" : 4877.0,
    "pct1ResTime" : 3690.0,
    "pct2ResTime" : 3820.0,
    "pct3ResTime" : 4063.0,
    "throughput" : 32.815059544031435,
    "receivedKBytesPerSec" : 5.667871662930747,
    "sentKBytesPerSec" : 11.824957980222264
  },
  "[PET] GET PETS BY STATUS" : {
    "transaction" : "[PET] GET PETS BY STATUS",
    "sampleCount" : 236739,
    "errorCount" : 0,
    "errorPct" : 0.0,
    "meanResTime" : 1351.0283518980823,
    "medianResTime" : 3307.0,
    "minResTime" : 12.0,
    "maxResTime" : 4634.0,
    "pct1ResTime" : 3691.0,
    "pct2ResTime" : 3813.0,
    "pct3ResTime" : 4047.980000000003,
    "throughput" : 32.866265913287336,
    "receivedKBytesPerSec" : 293.32648510819126,
    "sentKBytesPerSec" : 5.680985416652205
  },
  "[STORE] GET INVENTORY" : {
    "transaction" : "[STORE] GET INVENTORY",
    "sampleCount" : 236616,
    "errorCount" : 0,
    "errorPct" : 0.0,
    "meanResTime" : 1347.037398147203,
    "medianResTime" : 3299.0,
    "minResTime" : 14.0,
    "maxResTime" : 4610.0,
    "pct1ResTime" : 3683.9000000000015,
    "pct2ResTime" : 3809.0,
    "pct3ResTime" : 4059.9900000000016,
    "throughput" : 32.84942707587121,
    "receivedKBytesPerSec" : 6.026676679962427,
    "sentKBytesPerSec" : 5.357279611006341
  }
}