{
  "[PET] GET PET BY ID" : {
    "transaction" : "[PET] GET PET BY ID",
    "sampleCount" : 32102,
    "errorCount" : 0,
    "errorPct" : 0.0,
    "meanResTime" : 3.3870475359790815,
    "medianResTime" : 2.0,
    "minResTime" : 1.0,
    "maxResTime" : 259.0,
    "pct1ResTime" : 5.0,
    "pct2ResTime" : 8.0,
    "pct3ResTime" : 23.0,
    "throughput" : 106.70575643352413,
    "receivedKBytesPerSec" : 25.11043856325163,
    "sentKBytesPerSec" : 17.081222229354886
  },
  "[STORE] GET ORDER BY ID AFTER UPDATE" : {
    "transaction" : "[STORE] GET ORDER BY ID AFTER UPDATE",
    "sampleCount" : 31975,
    "errorCount" : 0,
    "errorPct" : 0.0,
    "meanResTime" : 2.587802971071154,
    "medianResTime" : 2.0,
    "minResTime" : 1.0,
    "maxResTime" : 168.0,
    "pct1ResTime" : 4.0,
    "pct2ResTime" : 6.0,
    "pct3ResTime" : 18.0,
    "throughput" : 106.75592207401967,
    "receivedKBytesPerSec" : 26.4804728582041,
    "sentKBytesPerSec" : 17.82740495572008
  },
  "[PET] UPDATE PET BY ID AFTER UPDATE" : {
    "transaction" : "[PET] UPDATE PET BY ID AFTER UPDATE",
    "sampleCount" : 32029,
    "errorCount" : 0,
    "errorPct" : 0.0,
    "meanResTime" : 11.275781323175865,
    "medianResTime" : 4.0,
    "minResTime" : 2.0,
    "maxResTime" : 1244.0,
    "pct1ResTime" : 8.0,
    "pct2ResTime" : 16.0,
    "pct3ResTime" : 161.0,
    "throughput" : 106.65383539566045,
    "receivedKBytesPerSec" : 25.860601475193803,
    "sentKBytesPerSec" : 33.329323561143894
  },
  "[PET] UPDATE PET BY ID" : {
    "transaction" : "[PET] UPDATE PET BY ID",
    "sampleCount" : 32070,
    "errorCount" : 0,
    "errorPct" : 0.0,
    "meanResTime" : 15.736856875584674,
    "medianResTime" : 4.0,
    "minResTime" : 2.0,
    "maxResTime" : 1240.0,
    "pct1ResTime" : 8.0,
    "pct2ResTime" : 19.0,
    "pct3ResTime" : 515.9700000000048,
    "throughput" : 106.6869816599523,
    "receivedKBytesPerSec" : 25.18164122926224,
    "sentKBytesPerSec" : 32.506189724516716
  },
  "[PET] GET PET BY ID AFTER UPDATE" : {
    "transaction" : "[PET] GET PET BY ID AFTER UPDATE",
    "sampleCount" : 32054,
    "errorCount" : 0,
    "errorPct" : 0.0,
    "meanResTime" : 2.499407250265186,
    "medianResTime" : 2.0,
    "minResTime" : 0.0,
    "maxResTime" : 151.0,
    "pct1ResTime" : 3.0,
    "pct2ResTime" : 6.0,
    "pct3ResTime" : 19.0,
    "throughput" : 106.68024548371207,
    "receivedKBytesPerSec" : 25.519791989080368,
    "sentKBytesPerSec" : 16.981328138520574
  },
  "Total" : {
    "transaction" : "Total",
    "sampleCount" : 288269,
    "errorCount" : 0,
    "errorPct" : 0.0,
    "meanResTime" : 6.126139126995975,
    "medianResTime" : 2.0,
    "minResTime" : 0.0,
    "maxResTime" : 1244.0,
    "pct1ResTime" : 5.0,
    "pct2ResTime" : 10.0,
    "pct3ResTime" : 109.0,
    "throughput" : 958.1117551649871,
    "receivedKBytesPerSec" : 1084.4365567521238,
    "sentKBytesPerSec" : 211.32467214567157
  },
  "[STORE] GET ORDER BY ID" : {
    "transaction" : "[STORE] GET ORDER BY ID",
    "sampleCount" : 32009,
    "errorCount" : 0,
    "errorPct" : 0.0,
    "meanResTime" : 2.5879908775656975,
    "medianResTime" : 2.0,
    "minResTime" : 1.0,
    "maxResTime" : 134.0,
    "pct1ResTime" : 3.0,
    "pct2ResTime" : 6.0,
    "pct3ResTime" : 18.0,
    "throughput" : 106.73580312781353,
    "receivedKBytesPerSec" : 26.571572336940214,
    "sentKBytesPerSec" : 17.920135169353763
  },
  "[USER] UPDATE USER BY ID" : {
    "transaction" : "[USER] UPDATE USER BY ID",
    "sampleCount" : 31987,
    "errorCount" : 0,
    "errorPct" : 0.0,
    "meanResTime" : 11.015506299434122,
    "medianResTime" : 3.0,
    "minResTime" : 2.0,
    "maxResTime" : 1142.0,
    "pct1ResTime" : 7.0,
    "pct2ResTime" : 16.0,
    "pct3ResTime" : 203.9900000000016,
    "throughput" : 106.72116106430896,
    "receivedKBytesPerSec" : 31.682844690966718,
    "sentKBytesPerSec" : 39.08245644444907
  },
  "[PET] GET PETS BY STATUS" : {
    "transaction" : "[PET] GET PETS BY STATUS",
    "sampleCount" : 32023,
    "errorCount" : 0,
    "errorPct" : 0.0,
    "meanResTime" : 3.4581082347063057,
    "medianResTime" : 2.0,
    "minResTime" : 1.0,
    "maxResTime" : 154.0,
    "pct1ResTime" : 5.0,
    "pct2ResTime" : 8.0,
    "pct3ResTime" : 26.0,
    "throughput" : 106.67932573789061,
    "receivedKBytesPerSec" : 881.2637970603055,
    "sentKBytesPerSec" : 19.06476231448631
  },
  "[STORE] GET INVENTORY" : {
    "transaction" : "[STORE] GET INVENTORY",
    "sampleCount" : 32020,
    "errorCount" : 0,
    "errorPct" : 0.0,
    "meanResTime" : 2.5802623360399704,
    "medianResTime" : 2.0,
    "minResTime" : 1.0,
    "maxResTime" : 165.0,
    "pct1ResTime" : 4.0,
    "pct2ResTime" : 6.0,
    "pct3ResTime" : 19.0,
    "throughput" : 106.705945473995,
    "receivedKBytesPerSec" : 19.277929602235428,
    "sentKBytesPerSec" : 18.027469303712046
  }
}