{
  "[PET] GET PET BY ID" : {
    "transaction" : "[PET] GET PET BY ID",
    "sampleCount" : 1540554,
    "errorCount" : 0,
    "errorPct" : 0.0,
    "meanResTime" : 167.51751253120517,
    "medianResTime" : 343.0,
    "minResTime" : 1.0,
    "maxResTime" : 1957.0,
    "pct1ResTime" : 533.0,
    "pct2ResTime" : 670.0,
    "pct3ResTime" : 1406.9900000000016,
    "throughput" : 213.9556110096962,
    "receivedKBytesPerSec" : 50.347888407961825,
    "sentKBytesPerSec" : 32.996015890221706
  },
  "[STORE] GET ORDER BY ID AFTER UPDATE" : {
    "transaction" : "[STORE] GET ORDER BY ID AFTER UPDATE",
    "sampleCount" : 1539659,
    "errorCount" : 0,
    "errorPct" : 0.0,
    "meanResTime" : 117.25111664336426,
    "medianResTime" : 410.0,
    "minResTime" : 0.0,
    "maxResTime" : 1384.0,
    "pct1ResTime" : 478.0,
    "pct2ResTime" : 499.0,
    "pct3ResTime" : 539.9900000000016,
    "throughput" : 213.8433098053595,
    "receivedKBytesPerSec" : 53.043164736876285,
    "sentKBytesPerSec" : 34.4571739432464
  },
  "[PET] UPDATE PET BY ID" : {
    "transaction" : "[PET] UPDATE PET BY ID",
    "sampleCount" : 3080204,
    "errorCount" : 0,
    "errorPct" : 0.0,
    "meanResTime" : 378.83893988841015,
    "medianResTime" : 750.0,
    "minResTime" : 2.0,
    "maxResTime" : 4246.0,
    "pct1ResTime" : 1082.0,
    "pct2ResTime" : 1343.9000000000015,
    "pct3ResTime" : 2032.0,
    "throughput" : 427.79208903708155,
    "receivedKBytesPerSec" : 102.39280969835572,
    "sentKBytesPerSec" : 129.50713850733504
  },
  "[PET] GET PET BY ID AFTER UPDATE" : {
    "transaction" : "[PET] GET PET BY ID AFTER UPDATE",
    "sampleCount" : 1539951,
    "errorCount" : 0,
    "errorPct" : 0.0,
    "meanResTime" : 171.68348148740262,
    "medianResTime" : 444.0,
    "minResTime" : 0.0,
    "maxResTime" : 2084.0,
    "pct1ResTime" : 530.0,
    "pct2ResTime" : 584.0,
    "pct3ResTime" : 1251.9900000000016,
    "throughput" : 213.87614232937975,
    "receivedKBytesPerSec" : 51.15339555997576,
    "sentKBytesPerSec" : 32.79155697823498
  },
  "Total" : {
    "transaction" : "Total",
    "sampleCount" : 13859193,
    "errorCount" : 0,
    "errorPct" : 0.0,
    "meanResTime" : 207.71404135871725,
    "medianResTime" : 452.0,
    "minResTime" : 0.0,
    "maxResTime" : 4246.0,
    "pct1ResTime" : 758.0,
    "pct2ResTime" : 839.0,
    "pct3ResTime" : 991.0,
    "throughput" : 1924.7914097640382,
    "receivedKBytesPerSec" : 2178.9107706880513,
    "sentKBytesPerSec" : 413.2867954847594
  },
  "[STORE] GET ORDER BY ID" : {
    "transaction" : "[STORE] GET ORDER BY ID",
    "sampleCount" : 1539670,
    "errorCount" : 0,
    "errorPct" : 0.0,
    "meanResTime" : 123.12372391486323,
    "medianResTime" : 358.0,
    "minResTime" : 0.0,
    "maxResTime" : 1488.0,
    "pct1ResTime" : 471.0,
    "pct2ResTime" : 496.0,
    "pct3ResTime" : 533.0,
    "throughput" : 213.84546131699537,
    "receivedKBytesPerSec" : 53.23579516463137,
    "sentKBytesPerSec" : 34.6496173743847
  },
  "[USER] UPDATE USER BY ID" : {
    "transaction" : "[USER] UPDATE USER BY ID",
    "sampleCount" : 1539667,
    "errorCount" : 0,
    "errorPct" : 0.0,
    "meanResTime" : 231.48332723893864,
    "medianResTime" : 482.0,
    "minResTime" : 2.0,
    "maxResTime" : 3413.0,
    "pct1ResTime" : 738.0,
    "pct2ResTime" : 1010.9500000000007,
    "pct3ResTime" : 1592.9900000000016,
    "throughput" : 213.84715343990595,
    "receivedKBytesPerSec" : 63.48587367747208,
    "sentKBytesPerSec" : 77.06015587824736
  },
  "[PET] GET PETS BY STATUS" : {
    "transaction" : "[PET] GET PETS BY STATUS",
    "sampleCount" : 1539800,
    "errorCount" : 0,
    "errorPct" : 0.0,
    "meanResTime" : 175.7064027795873,
    "medianResTime" : 447.0,
    "minResTime" : 1.0,
    "maxResTime" : 2084.0,
    "pct1ResTime" : 544.0,
    "pct2ResTime" : 621.0,
    "pct3ResTime" : 1103.9800000000032,
    "throughput" : 213.85549740430423,
    "receivedKBytesPerSec" : 1766.6757080959958,
    "sentKBytesPerSec" : 36.96525687554868
  },
  "[STORE] GET INVENTORY" : {
    "transaction" : "[STORE] GET INVENTORY",
    "sampleCount" : 1539688,
    "errorCount" : 0,
    "errorPct" : 0.0,
    "meanResTime" : 124.9196246252504,
    "medianResTime" : 395.0,
    "minResTime" : 0.0,
    "maxResTime" : 1518.0,
    "pct1ResTime" : 474.0,
    "pct2ResTime" : 500.0,
    "pct3ResTime" : 542.0,
    "throughput" : 213.84225882073207,
    "receivedKBytesPerSec" : 38.63361121272992,
    "sentKBytesPerSec" : 34.87466525689673
  }
}