{
  "[PET] GET PET BY ID" : {
    "transaction" : "[PET] GET PET BY ID",
    "sampleCount" : 236481,
    "errorCount" : 0,
    "errorPct" : 0.0,
    "meanResTime" : 1588.6250565584576,
    "medianResTime" : 3547.0,
    "minResTime" : 13.0,
    "maxResTime" : 5830.0,
    "pct1ResTime" : 4097.0,
    "pct2ResTime" : 4276.0,
    "pct3ResTime" : 4617.980000000003,
    "throughput" : 32.82979624594089,
    "receivedKBytesPerSec" : 7.308799330688621,
    "sentKBytesPerSec" : 5.063001928870787
  },
  "[STORE] GET ORDER BY ID AFTER UPDATE" : {
    "transaction" : "[STORE] GET ORDER BY ID AFTER UPDATE",
    "sampleCount" : 235588,
    "errorCount" : 0,
    "errorPct" : 0.0,
    "meanResTime" : 1045.7202107068363,
    "medianResTime" : 2977.0,
    "minResTime" : 13.0,
    "maxResTime" : 4028.0,
    "pct1ResTime" : 3122.0,
    "pct2ResTime" : 3169.0,
    "pct3ResTime" : 3259.0,
    "throughput" : 32.710715082101686,
    "receivedKBytesPerSec" : 5.681814212644501,
    "sentKBytesPerSec" : 5.270769520065214
  },
  "[PET] UPDATE PET BY ID" : {
    "transaction" : "[PET] UPDATE PET BY ID",
    "sampleCount" : 472496,
    "errorCount" : 0,
    "errorPct" : 0.0,
    "meanResTime" : 1623.0587073752872,
    "medianResTime" : 3656.0,
    "minResTime" : 17.0,
    "maxResTime" : 5900.0,
    "pct1ResTime" : 4206.0,
    "pct2ResTime" : 4378.0,
    "pct3ResTime" : 4725.990000000002,
    "throughput" : 65.59548221694892,
    "receivedKBytesPerSec" : 8.968132334348487,
    "sentKBytesPerSec" : 19.85787716090354
  },
  "[PET] GET PET BY ID AFTER UPDATE" : {
    "transaction" : "[PET] GET PET BY ID AFTER UPDATE",
    "sampleCount" : 236237,
    "errorCount" : 0,
    "errorPct" : 0.0,
    "meanResTime" : 1590.6168085439624,
    "medianResTime" : 3541.0,
    "minResTime" : 17.0,
    "maxResTime" : 5604.0,
    "pct1ResTime" : 4101.0,
    "pct2ResTime" : 4272.0,
    "pct3ResTime" : 4646.990000000002,
    "throughput" : 32.796519060095136,
    "receivedKBytesPerSec" : 7.430143019260286,
    "sentKBytesPerSec" : 5.028372551205993
  },
  "Total" : {
    "transaction" : "Total",
    "sampleCount" : 2124268,
    "errorCount" : 0,
    "errorPct" : 0.0,
    "meanResTime" : 1356.229318052177,
    "medianResTime" : 3211.0,
    "minResTime" : 12.0,
    "maxResTime" : 5900.0,
    "pct1ResTime" : 4037.0,
    "pct2ResTime" : 4237.950000000001,
    "pct3ResTime" : 4632.980000000003,
    "throughput" : 294.9043923688261,
    "receivedKBytesPerSec" : 339.1507964656943,
    "sentKBytesPerSec" : 63.32028875852341
  },
  "[STORE] GET ORDER BY ID" : {
    "transaction" : "[STORE] GET ORDER BY ID",
    "sampleCount" : 235825,
    "errorCount" : 0,
    "errorPct" : 0.0,
    "meanResTime" : 1048.8022898335469,
    "medianResTime" : 2978.0,
    "minResTime" : 12.0,
    "maxResTime" : 3773.0,
    "pct1ResTime" : 3124.0,
    "pct2ResTime" : 3173.0,
    "pct3ResTime" : 3267.9900000000016,
    "throughput" : 32.74263986553338,
    "receivedKBytesPerSec" : 5.687343697543397,
    "sentKBytesPerSec" : 5.305346729604525
  },
  "[USER] UPDATE USER BY ID" : {
    "transaction" : "[USER] UPDATE USER BY ID",
    "sampleCount" : 235715,
    "errorCount" : 0,
    "errorPct" : 0.0,
    "meanResTime" : 1045.316560252854,
    "medianResTime" : 2979.0,
    "minResTime" : 15.0,
    "maxResTime" : 3496.0,
    "pct1ResTime" : 3117.0,
    "pct2ResTime" : 3161.0,
    "pct3ResTime" : 3246.9900000000016,
    "throughput" : 32.727694309186916,
    "receivedKBytesPerSec" : 5.6527790920985765,
    "sentKBytesPerSec" : 11.793475781337861
  },
  "[PET] GET PETS BY STATUS" : {
    "transaction" : "[PET] GET PETS BY STATUS",
    "sampleCount" : 236008,
    "errorCount" : 0,
    "errorPct" : 0.0,
    "meanResTime" : 1595.9794879834553,
    "medianResTime" : 3535.0,
    "minResTime" : 12.0,
    "maxResTime" : 5782.0,
    "pct1ResTime" : 4098.0,
    "pct2ResTime" : 4270.950000000001,
    "pct3ResTime" : 4634.0,
    "throughput" : 32.76564610692068,
    "receivedKBytesPerSec" : 292.429038662846,
    "sentKBytesPerSec" : 5.663593125903281
  },
  "[STORE] GET INVENTORY" : {
    "transaction" : "[STORE] GET INVENTORY",
    "sampleCount" : 235918,
    "errorCount" : 0,
    "errorPct" : 0.0,
    "meanResTime" : 1042.353512661179,
    "medianResTime" : 2967.0,
    "minResTime" : 13.0,
    "maxResTime" : 3580.0,
    "pct1ResTime" : 3103.0,
    "pct2ResTime" : 3148.0,
    "pct3ResTime" : 3250.0,
    "throughput" : 32.754829163763176,
    "receivedKBytesPerSec" : 6.009326826679986,
    "sentKBytesPerSec" : 5.341852021824659
  }
}